{"X_i":[-1.20535457134,3.17810750008,7.48558950424,12.1316843033,16.790725708,21.0159664154,25.9492740631,29.0480709076,32.6119613647,35.9588241577,39.9082717896,42.1978797913,42.643951416,42.6222114563,42.524066925,42.1597290039,41.4561500549,40.5325622559,38.5180549622,36.2039756775,32.7586708069,28.4735565186,25.4437217712,22.9642963409,18.7935180664,16.1738128662,13.5638856888,11.8896331787,10.3036079407,6.79945707321,4.32830381393,1.12301874161,-2.75382375717,-4.81454324722,-7.15268754959,-8.18414115906,-7.90778493881,-7.00891208649,-8.42116451263,-10.3438024521,-9.21577548981,-6.92036342621,-4.60597276688,-2.35273480415,-0.165838509798,2.04115414619,4.15739202499,8.75176334381,12.9969034195,16.4463691711,19.5894641876,21.4045848846,25.2624359131,26.2041530609,26.14752388,24.7101478577,21.1220054626,16.8929786682,12.5505523682,8.61410617828,5.1298866272,1.29183077812,-0.911457359791,-3.19275069237,-4.88976144791,-7.34266805649,-9.3245267868,-11.9270553589,-13.9907217026,-15.8556175232,-17.4213695526,-18.9634799957,-20.8690338135,-21.7830982208,-22.1184329987,-22.3782291412,-22.2891635895,-21.6834945679,-20.8396205902,-19.7338562012,-18.7997817993,-17.489906311,-15.5611610413,-13.9415597916,-11.831618309,-9.60293102264,-6.35780382156,-3.79635858536,-1.20535457134],"Y_i":[-2.43421959877,-1.93232870102,-1.81353652477,-1.68396937847,-1.63397860527,-1.57767641544,-1.68443393707,-1.72887885571,-1.83696222305,-2.02518367767,-3.04691457748,-5.7311501503,-7.45758581161,-9.84560966492,-11.4708385468,-13.4860305786,-15.1818876266,-16.8797531128,-18.9988632202,-20.470911026,-21.9738197327,-23.48179245,-24.171453476,-24.4952335358,-23.4676418304,-21.4524841309,-18.8669128418,-17.3642730713,-16.0993785858,-13.8660707474,-13.5115633011,-13.7139015198,-14.1658267975,-15.6764669418,-19.0835819244,-23.2163944244,-27.239025116,-31.0450992584,-34.9212493896,-39.3102645874,-43.814994812,-47.6307487488,-50.5477561951,-51.8892745972,-52.8908081055,-53.2722854614,-53.3649635315,-53.057434082,-52.1645202637,-52.5517196655,-54.8799247742,-57.2886390686,-63.3929138184,-65.9767227173,-68.3555679321,-69.9159011841,-70.2595901489,-69.4648895264,-68.4203567505,-67.5245056152,-66.6364212036,-65.5188293457,-64.0004882812,-61.7590522766,-59.9218444824,-57.3790779114,-55.36485672,-52.5858802795,-50.4050865173,-48.291885376,-46.3403968811,-44.4720039368,-41.1217308044,-39.5535202026,-36.9808921814,-33.3755264282,-29.8054790497,-25.6726341248,-21.7996044159,-18.0672054291,-14.3690509796,-10.8447647095,-8.86956310272,-7.27876806259,-5.82119607925,-4.78612518311,-3.627846241,-2.90468358994,-2.43421959877],"X_o":[-1.76674330235,2.76089644432,7.27864980698,12.0349731445,16.5392436981,21.0335502625,25.8245449066,29.008146286,32.8539886475,36.0541305542,39.6403274536,41.8411369324,43.7949371338,45.3121299744,46.1553916931,46.4220657349,46.5321502686,46.3761138916,45.840171814,45.0923805237,43.6631126404,41.3715438843,37.8901481628,34.6198616028,31.2377872467,27.4351100922,24.4867210388,21.9398899078,17.7762260437,14.9727420807,13.4640274048,11.3517541885,9.28481960297,7.48336029053,4.77595758438,1.28759145737,-1.63388907909,-3.17948746681,-3.27370977402,-3.07798027992,-2.77587771416,-3.4180958271,-5.1704211235,-6.55036306381,-5.8644695282,-4.37757587433,-2.17299032211,0.147873014212,4.08864498138,8.05480289459,11.9599332809,14.9592418671,17.607585907,19.5705165863,22.6065139771,25.3403396606,27.5260028839,29.1637706757,30.1006793976,30.1847019196,29.283241272,26.9897003174,23.7649536133,19.9833869934,15.7009191513,11.5243768692,7.55422449112,3.99313831329,-0.0668102130294,-3.44227051735,-5.49040985107,-7.24591016769,-9.36122608185,-11.5451803207,-14.4151830673,-16.5186710358,-18.5795021057,-21.8124217987,-24.7267017365,-25.7503032684,-26.0476665497,-25.9315605164,-25.7263412476,-25.0013523102,-24.2922458649,-23.3050079346,-22.1317424774,-20.7885227203,-18.4632396698,-15.6022777557,-13.5745029449,-11.5146017075,-7.04339790344,-4.10932731628,-1.76674330235],"Y_o":[1.47030568123,1.7153673172,1.72703278065,1.77701556683,1.85751795769,1.90579783916,1.8236978054,1.6881827116,1.53236305714,1.40598678589,1.33292233944,0.461700230837,-0.824330449104,-2.6312391758,-4.62501859665,-7.10254859924,-9.60714149475,-11.952504158,-14.4087295532,-16.5197753906,-19.0952739716,-21.7454833984,-24.0829868317,-25.5377349854,-26.407459259,-27.5946540833,-28.2711963654,-28.5392894745,-27.4994373322,-25.1546077728,-23.7030353546,-21.9376277924,-20.3903141022,-18.9196147919,-17.4981155396,-17.3332099915,-18.2758922577,-21.7290554047,-25.0204906464,-27.4282741547,-30.082868576,-34.0824127197,-37.1482276917,-40.3913154602,-42.8615951538,-44.9487495422,-47.4768180847,-48.7639732361,-48.8794441223,-47.9160308838,-47.6551475525,-47.935005188,-48.6755485535,-49.7755432129,-52.1836853027,-55.3910713196,-58.7276992798,-62.0333976746,-65.7219696045,-69.0223770142,-72.0737915039,-73.9624557495,-74.3958969116,-74.2500610352,-73.0300064087,-71.9855651855,-71.0143661499,-70.1475296021,-69.1028747559,-67.2309875488,-65.1119689941,-62.596157074,-60.3147392273,-58.3123054504,-54.9342651367,-52.5611877441,-50.1394462585,-46.6210861206,-43.475151062,-40.3981132507,-36.9700622559,-32.6193275452,-28.6441040039,-24.6762886047,-20.8632926941,-17.2035923004,-13.6423683167,-9.28058624268,-6.41253614426,-3.68699145317,-2.1660451889,-0.892862737179,0.440190732479,1.10956943035,1.47030568123],"X":[-1.486048936845,2.9695019722,7.3821196556099995,12.0833287239,16.664984703050003,21.02475833895,25.88690948485,29.0281085968,32.732975006100006,39.7742996216,40.874704361,41.8516044617,43.75500488285,44.1766357422,44.53300857545,44.57718086245,44.4500904083,43.99995040895,43.274265289300004,42.09783744815,39.944799423250004,37.04706192015,33.68926620485,29.85567188265,26.439415931699997,23.72550868985,22.45209312435,18.284872055050002,15.573277473449998,14.818920135499999,12.45781993865,10.587226390835,8.893484115615,4.5521306991550006,1.2053050994899999,-3.224216163155,-5.1660875082,-5.590747356415,-5.492882609365,-4.892394900325,-5.213503956795,-6.7957928180649994,-8.447082757955,-7.540122509005,-5.64896965027,-3.389481544495,-1.1024308949689998,4.1230185031849995,8.403283119200001,12.4784183502,13.978072643299999,17.02697753905,18.0084428787,21.09798908235,23.3724622726,26.3942193985,27.2131032944,28.15241622925,28.166112899799998,27.715382576000003,25.84992408755,24.2375507355,20.552696228000002,16.29694890975,12.0374646187,8.0841653347,4.561512470245,0.6125102825453,-2.1768639385705,-4.34158027172,-6.0678358078,-8.35194706917,-10.43485355375,-13.171119213099999,-15.254696369200001,-17.21755981445,-20.3879508972,-22.797867775,-23.7667007446,-24.0830497742,-24.1548948288,-24.007752418549998,-23.342423439050002,-22.565933227549998,-21.5194320679,-20.46576213835,-19.13921451565,-17.01220035555,-14.77191877365,-12.70306062695,-10.55876636507,-6.7006008625,-3.95284295082,-1.486048936845],