

{"X_i":[-1.766743,2.760896,7.27865,12.034973,16.539244,21.03355,25.824545,29.008146,32.853989,36.054131,39.640327,41.841137,43.794937,45.31213,46.155392,46.422066,46.53215,46.376114,45.840172,45.092381,43.663113,41.371544,37.890148,34.619862,31.237787,27.43511,24.486721,21.93989,17.776226,14.972742,13.464027,11.351754,9.28482,7.48336,4.775958,1.287591,-1.633889,-3.179487,-3.27371,-3.07798,-2.775878,-3.418096,-5.170421,-6.550363,-5.86447,-4.377576,-2.17299,0.147873,4.088645,8.054803,11.959933,14.959242,17.607586,19.570517,22.606514,25.34034,27.526003,29.163771,30.100679,30.184702,29.283241,26.9897,23.764954,19.983387,15.700919,11.524377,7.554224,3.993138,-0.06681,-3.442271,-5.49041,-7.24591,-9.361226,-11.54518,-14.415183,-16.518671,-18.579502,-21.812422,-24.726702,-25.750303,-26.047667,-25.931561,-25.726341,-25.001352,-24.292246,-23.305008,-22.131742,-20.788523,-18.46324,-15.602278,-13.574503,-11.514602,-7.043398,-4.109327,-1.766743],"Y_i":[1.470306,1.715367,1.727033,1.777016,1.857518,1.905798,1.823698,1.688183,1.532363,1.405987,1.332922,0.4617,-0.82433,-2.631239,-4.625019,-7.102549,-9.607141,-11.952504,-14.40873,-16.519775,-19.095274,-21.745483,-24.082987,-25.537735,-26.407459,-27.594654,-28.271196,-28.539289,-27.499437,-25.154608,-23.703035,-21.937628,-20.390314,-18.919615,-17.498116,-17.33321,-18.275892,-21.729055,-25.020491,-27.428274,-30.082869,-34.082413,-37.148228,-40.391315,-42.861595,-44.94875,-47.476818,-48.763973,-48.879444,-47.916031,-47.655148,-47.935005,-48.675549,-49.775543,-52.183685,-55.391071,-58.727699,-62.033398,-65.72197,-69.022377,-72.073792,-73.962456,-74.395897,-74.250061,-73.030006,-71.985565,-71.014366,-70.14753,-69.102875,-67.230988,-65.111969,-62.596157,-60.314739,-58.312305,-54.934265,-52.561188,-50.139446,-46.621086,-43.475151,-40.398113,-36.970062,-32.619328,-28.644104,-24.676289,-20.863293,-17.203592,-13.642368,-9.280586,-6.412536,-3.686991,-2.166045,-0.892863,0.440191,1.109569,1.470306],"X_o":[-1.205355,3.178108,7.48559,12.131684,16.790726,21.015966,25.949274,29.048071,32.611961,35.958824,39.908272,42.19788,42.643951,42.622211,42.524067,42.159729,41.45615,40.532562,38.518055,36.203976,32.758671,28.473557,25.443722,22.964296,18.793518,16.173813,13.563886,11.889633,10.303608,6.799457,4.328304,1.123019,-2.753824,-4.814543,-7.152688,-8.184141,-7.907785,-7.008912,-8.421165,-10.343802,-9.215775,-6.920363,-4.605973,-2.352735,-0.165839,2.041154,4.157392,8.751763,12.996903,16.446369,19.589464,21.404585,25.262436,26.204153,26.147524,24.710148,21.122005,16.892979,12.550552,8.614106,5.129887,1.291831,-0.911457,-3.192751,-4.889761,-7.342668,-9.324527,-11.927055,-13.990722,-15.855618,-17.42137,-18.96348,-20.869034,-21.783098,-22.118433,-22.378229,-22.289164,-21.683495,-20.839621,-19.733856,-18.799782,-17.489906,-15.561161,-13.94156,-11.831618,-9.602931,-6.357804,-3.796359,-1.205355],"Y_o":[-2.43422,-1.932329,-1.813537,-1.683969,-1.633979,-1.577676,-1.684434,-1.728879,-1.836962,-2.025184,-3.046915,-5.73115,-7.457586,-9.84561,-11.470839,-13.486031,-15.181888,-16.879753,-18.998863,-20.470911,-21.97382,-23.481792,-24.171453,-24.495234,-23.467642,-21.452484,-18.866913,-17.364273,-16.099379,-13.866071,-13.511563,-13.713902,-14.165827,-15.676467,-19.083582,-23.216394,-27.239025,-31.045099,-34.921249,-39.310265,-43.814995,-47.630749,-50.547756,-51.889275,-52.890808,-53.272285,-53.364964,-53.057434,-52.16452,-52.55172,-54.879925,-57.288639,-63.392914,-65.976723,-68.355568,-69.915901,-70.25959,-69.46489,-68.420357,-67.524506,-66.636421,-65.518829,-64.000488,-61.759052,-59.921844,-57.379078,-55.364857,-52.58588,-50.405087,-48.291885,-46.340397,-44.472004,-41.121731,-39.55352,-36.980892,-33.375526,-29.805479,-25.672634,-21.799604,-18.067205,-14.369051,-10.844765,-8.869563,-7.278768,-5.821196,-4.786125,-3.627846,-2.904684,-2.43422],"X":[-0.8833715,1.380448,7.3821200000000005,12.0833285,16.664985,21.024758,25.8869095,29.028108500000002,32.732974999999996,39.7742995,40.8747045,41.851604499999993,43.755005,44.176636,44.5330085,44.5771805,44.4500905,43.9999505,43.2742655,42.0978375,39.9447995,37.047062,33.6892665,29.855672,26.439416,23.7255085,22.452092999999998,18.284872,15.5732775,14.818919999999999,12.45782,10.5872265,8.893484,4.552131,1.205305,-3.2242159999999997,-5.1660875,-5.5907475,-5.4928825,-4.892395,-5.2135039999999995,-6.795793,-8.4470825,-7.5401225000000007,-5.6489695,-3.3894814999999996,-1.102431,4.1230185,8.403283,12.478418,13.9780725,17.0269775,18.008443,21.097989,23.3724625,26.3942195,27.213103500000003,28.152416000000002,28.166113000000003,27.7153825,25.849924,24.237551,20.552696,16.296949,12.037464499999999,8.0841649999999987,4.5615125,0.6125105,-2.176864,-4.3415805,-6.0678355,-8.351947,-10.4348535,-13.171119000000001,-15.254696500000001,-17.21756,-20.387951,-22.797868,-23.7667005,-24.08305,-24.154895,-24.007752500000002,-23.342423500000002,-22.5659335,-21.519432000000002,-20.465761999999998,-19.1392145,-17.0122005,-14.771919,-12.7030605,-10.5587665,-6.700601,-3.952843,-0.8833715],"Y":[0.735153,0.8576835,-0.043251999999999957,0.04652349999999994,0.11176949999999997,0.164061,0.069632000000000027,-0.020348000000000033,-0.15229950000000003,-0.85699649999999994,-1.2926075,-1.9356225,-4.1811945,-5.1780845000000006,-7.2800674999999995,-9.7263755,-11.7116715,-13.947380500000001,-15.8508315,-17.9875135,-20.372173,-22.276949000000002,-23.7557775,-24.9446255,-25.8830535,-26.383215,-26.5172615,-25.4835395,-23.303545999999997,-22.5777595,-20.4022705,-18.8772935,-17.509497,-15.5048395,-15.523556,-16.9761795,-20.406318499999998,-26.129758000000002,-27.3336495,-30.563983999999998,-32.563756,-36.0347385,-39.85079,-43.338295,-46.2897495,-49.012287,-50.326623999999995,-51.122203999999996,-50.4867325,-49.909834000000004,-50.0497625,-50.6136345,-51.1636315,-53.531805,-56.339855,-61.060306499999996,-62.713156,-65.8493465,-68.6889725,-70.21468,-71.9391785,-72.155899,-72.25482550000001,-71.247447999999991,-70.202960999999988,-69.269436,-68.3919755,-67.310852,-65.615738,-63.4355105,-61.2590005,-58.8469085,-56.838581000000005,-53.760072500000007,-51.4831375,-49.2156655,-45.546544999999995,-42.298441,-39.9758165,-36.975477,-32.997427,-29.2247915,-25.1744615,-21.3314485,-17.6353985,-14.0057095,-10.062675500000001,-7.6410494999999994,-5.4828795,-3.9936204999999996,-2.839494,-1.5938275,-0.8975575,0.735153]}