{"X_i":[-50.194,-49.879002,-48.755001,-47.041,-45.07,-42.528999,-39.591,-36.050999,-32.779999,-29.348,-26.987,-24.412001,-21.926001,-19.722,-16.587999,-13.988,-11.551,-9.345,-7.461,-5.46,-3.234,-0.532,2.528,4.779,7.199,8.77,12.6,16.238001,19.247999,22.455,25.156,27.426001,29.434999,31.945,34.508999,37.398998,40.320999,43.303001,45.555,47.243,48.532001,49.096001,48.897999,47.794998,46.463001,44.818001,42.808998,40.404999,37.742001,34.243999,30.655001,28.066999,26.004999,23.987,20.653999,17.509001,14.424,10.344,6.291,1.746,-2.797,-6.826,-11.053,-14.12,-16.663,-18.778999,-20.399,-21.712999,-23.132,-24.926001,-27.198999,-30.266001,-32.736,-35.136002,-38.188,-41.341,-44.307999,-46.423,-48.300999,-49.521999],"Y_i":[-8.582,-5.798,-3.353,-1.516,-0.013,0.818,1.181,1.08,0.857,-0.268,-1.581,-3.361,-4.922,-6.308,-7.805,-8.645,-7.891,-6.118,-3.768,-1.678,-0.045,1.248,2.009,2,1.939,2.134,2.237,2.329,2.46,2.343,1.304,-0.435,-1.896,-3.203,-3.555,-3.773,-3.587,-3.777,-4.668,-6.214,-8.456,-10.524,-12.718,-14.592,-15.991,-16.959999,-17.51,-17.884001,-18.118999,-18.389999,-18.761999,-19.275999,-20.466999,-22.003,-23.579,-24.443001,-24.768,-25.243,-25.565001,-26.018999,-26.445,-26.823999,-27.224001,-26.987,-26.072001,-25.003,-23.531,-21.936001,-20.318001,-18.591,-16.427,-15.531,-15.843,-16.886,-17.747999,-17.715,-16.955,-15.513,-13.492,-11.226],"X_o":[-0.54,2.488,4.679,6.977,9.124,9.929,13.618,17.153,20.672001,23.909,26.136,28.485001,30.997999,33.458,36.432999,39.370998,42.095001,43.828999,44.061001,42.366001,40.365002,37.963001,35.091999,32.555,31.895,29.148001,26.792999,24.726999,22.825001,20.85,17.947001,14.56,11.536,8.897,5.614,1.728,-1.815,-5.521,-9.173,-12.087,-15.038,-17.566999,-19.354,-21.006001,-22.724001,-24.599001,-26.924999,-29.311001,-31.783001,-34.082001,-36.335999,-39.243,-42.576,-44.625,-45.91,-45.936001,-45.018002,-43.327999,-41.057999,-38.056,-35.542,-32.584999,-30.099001,-27.093,-24.164,-22.209,-20.105,-17.472,-14.675,-11.789,-9.252,-7.128,-5.634,-3.567,-0.54],"Y_o":[-2.652,-1.806,-1.603,-1.373,-1.385,-1.574,-1.214,-1.062,-1.221,-2.115,-3.763,-5.789,-7.194,-7.614,-7.75,-7.529,-7.884,-9.109,-11.48,-13.301,-13.73,-14.202,-14.618,-15.008,-14.732,-15.174,-15.584,-16.474001,-17.860001,-19.759001,-20.777,-21.323999,-21.73,-22.153999,-22.468,-22.785,-23.047001,-23.268999,-23.488001,-23.679001,-22.790001,-21.273001,-19.444,-17.551001,-15.821,-14.198,-12.502,-11.693,-11.549,-12.256,-13.221,-14.17,-13.976,-12.699,-10.305,-7.516,-5.193,-3.994,-3.138,-2.779,-2.631,-3.248,-4.162,-5.535,-7.274,-8.574,-10.013,-11.53,-12.571,-12.552,-11.509,-9.543,-7.488,-5.01,-2.652],"X":[-48.0650005,-47.907501499999995,-46.8865015,-46.029500999999996,-44.1989995,-41.793499,-38.823499999999996,-35.796499499999996,-32.682499,-27.04,-25.7525005,-23.0450005,-20.9655,-17.029999500000002,-14.3315,-10.4015,-7.4895000000000005,-5.514,-4.5135000000000005,-1.887,-0.536,2.508,4.729,7.088,8.947,13.109,16.6955005,19.96,21.5635005,24.5325,26.781000499999998,27.7854995,31.4714995,33.9834995,36.9159985,39.8459985,42.699001,43.8250005,45.5359995,46.1805,46.578501,46.4795,45.9279995,44.414501,43.592000999999996,42.5874995,40.3850005,37.852501000000004,33.399499500000005,29.901501,27.429999,24.415,22.4185,20.7519995,17.728001,14.492,9.6205,5.9525000000000006,1.737,-2.306,-6.1735,-11.57,-13.1035,-15.8505,-18.172998999999997,-18.9829995,-20.533499499999998,-22.0690005,-23.825001,-25.899,-29.788501,-33.4090005,-35.7360005,-38.715500000000006,-41.9585,-43.4419995,-45.524,-46.462999499999995,-47.715999499999995],"Y":[-8.049,-6.657,-4.273,-3.3545,-2.0035000000000003,-1.16,-0.79899999999999993,-0.77549999999999986,-1.1955,-3.558,-4.448,-6.098,-7.441,-9.6675,-10.608,-9.7,-6.8030000000000008,-4.3889999999999993,-3.344,-1.3485,-0.70200000000000007,0.10149999999999992,0.1985,0.28300000000000003,0.37449999999999994,0.51150000000000007,0.63350000000000006,0.61949999999999994,0.56099999999999994,-0.40550000000000008,-2.0989999999999998,-2.8295,-5.1985,-5.5845,-5.7615,-5.558,-5.8305000000000007,-6.276,-7.6615,-8.7824999999999989,-11.001999999999999,-12.099,-13.036000000000001,-14.646,-15.130499499999999,-15.4055,-15.807000500000001,-16.1604995,-16.6989995,-16.967999499999998,-17.4299995,-19.1635,-20.8810005,-21.669000500000003,-22.610000499999998,-23.0459995,-23.698499499999997,-24.0165005,-24.401999500000002,-24.7460005,-25.046499,-25.451501,-25.333000499999997,-24.431001000000002,-23.1380005,-22.4020005,-20.6900005,-18.934500999999997,-17.206,-15.3125,-13.612,-14.0495,-15.0535,-15.958999500000001,-15.845500000000001,-15.465499999999999,-14.106,-13.095500000000001,-10.7655]}