{"X_i":[2.592,5.467,8.595,11.892,14.997,18.399,23.988,26.206,28.058,29.547,31.478,33.317,35.338,37.243,39.095,41.107,43.093,45,46.869,47.591,47.86,47.642,47.032,45.762,44.025,41.985,39.276,36.141,33.006,29.885,27.39,25.509,23.767,22.003,20.257,18.619,16.961,15.294,13.855,12.279,10.455,8.392,6.313,4.256,2.004,-0.631,-2.727,-4.44,-5.306,-5.093,-4.529,-4.134,-4.348,-5.741,-7.993,-9.723,-11.308,-12.268,-11.928,-10.329,-8.434,-6.137,-3.937,-1.44,2.592],"Y_i":[-1.976,-2.022,-1.769,-1.643,-1.238,-0.4,2.151,3.897,6.686,9.253,12.218,14.936,17.12,19.172,20.843,22.071,22.679,22.02,20.378,18.223,15.847,13.194,10.628,7.732,5.242,3.56,2.428,1.504,0.444,-1.245,-3.375,-5.72,-8.11,-10.396,-12.691,-14.916,-17.081,-19.163,-21.048,-23.071,-25.481,-28.231,-31.029,-33.498,-35.378,-36.112,-35.433,-33.901,-31.553,-28.249,-25.356,-22.437,-19.666,-17.219,-14.735,-12.583,-10.564,-8.382,-6.372,-4.691,-3.578,-3.26,-3.194,-3.062,-1.976],"X_o":[1.487,5.098,8.029,11.084,14.432,17.18,19.982,22.473,24.455,26.097,28.016,29.886,31.872,33.812,35.709,37.842,40.474,43.075,45.921,48.169,49.732,50.963,51.739,52.268,52.315,51.598,50.825,49.765,47.925,45.467,43.09,40.513,37.68,34.994,32.545,30.504,28.484,26.61,24.939,23.488,21.797,20.244,18.708,17.297,15.497,13.692,11.743,9.484,7.043,4.588,2.058,-0.608,-3.136,-5.496,-7.485,-8.787,-9.658,-9.458,-8.653,-8.436,-8.818,-10.234,-12.217,-14.066,-15.643,-16.676,-16.776,-13.118,-10.824,-8.062,-5.032,-1.927,1.487],"Y_o":[1.156,2.17,2.262,2.57,3.013,3.499,4.842,6.498,8.894,11.608,14.437,17.079,19.478,21.626,23.526,25.193,26.673,27.303,27.04,25.922,24.371,22.303,19.944,17.104,13.974,11.102,8.573,5.962,3.149,0.926,-0.614,-1.46,-2.23,-3.069,-4.34,-6.012,-8.367,-10.71,-12.91,-14.887,-17.161,-19.369,-21.377,-23.305,-25.572,-27.908,-30.632,-33.749,-36.389,-38.818,-40.195,-40.696,-40.391,-39.302,-37.378,-34.895,-31.968,-28.659,-25.608,-22.662,-20.176,-17.863,-15.701,-13.67,-11.168,-8.495,-5.392,-0.744,0.229,0.687,0.94,1.032,1.156],"X":[2.0395000000000003,5.2825,8.3120000000000012,11.488,14.714500000000001,17.7895,21.985,24.3395,26.2565,29.747,31.6015,33.605000000000004,35.5275,37.402,39.4745,40.790499999999994,43.084,45.460499999999996,46.5845,48.3005,48.916,49.665,50.064,49.9785,49.620000000000005,48.9285,47.7635,45.974999999999994,43.726,42.5375,39.8945,36.9105,34,31.215000000000003,28.947000000000003,26.9965,25.188499999999998,23.471,21.872500000000002,20.208,18.6025,17.000999999999998,15.576,13.888,12.0735,10.067499999999999,7.8985,5.6495,3.2960000000000003,2.0309999999999997,-0.61949999999999994,-1.8835000000000002,-4.1115,-5.9625,-6.6135,-7.4819999999999993,-7.2755,-6.591,-6.285,-7.2795,-9.1135,-10.97,-12.687000000000001,-13.9555,-14.472,-14.352,-11.723500000000001,-9.629,-8.248,-4.4845,-1.6835,2.0395000000000003],"Y":[-0.41000000000000003,0.074000000000000066,0.24650000000000005,0.46349999999999991,0.8875,1.5495,3.4964999999999997,5.1975,7.79,13.3275,16.0075,18.299,20.399,22.1845,23.632,24.372,24.991,24.53,23.971,22.374499999999998,21.3405,19.0835,16.4755,13.584,12.148,9.6005,6.8469999999999995,4.1955,2.243,1.473,0.484,-0.363,-1.3125,-2.7925,-4.6935,-7.0435,-9.41,-11.653,-13.789000000000001,-16.0385,-18.225,-20.27,-22.176499999999997,-24.3215,-26.6945,-29.4315,-32.389,-34.9435,-37.098,-37.786500000000004,-38.403999999999996,-38.2515,-37.3675,-35.6395,-34.398,-31.7605,-28.454,-25.482,-22.549500000000002,-18.697499999999998,-16.299,-14.142,-12.117,-9.7749999999999986,-8.4385,-5.882,-2.7175,-1.6744999999999999,-1.4455,-1.127,-1.015,-0.41000000000000003]}