{
    "X_i": [
     -1.2053545713424683,
     3.178107500076294,
     7.485589504241943,
     12.131684303283691,
     16.790725708007812,
     21.015966415405273,
     25.94927406311035,
     29.048070907592773,
     32.611961364746094,
     35.958824157714844,
     39.90827178955078,
     42.197879791259766,
     42.643951416015625,
     42.62221145629883,
     42.52406692504883,
     42.15972900390625,
     41.45615005493164,
     40.532562255859375,
     38.5180549621582,
     36.203975677490234,
     32.758670806884766,
     28.473556518554688,
     25.443721771240234,
     22.964296340942383,
     18.79351806640625,
     16.173812866210938,
     13.563885688781738,
     11.889633178710938,
     10.303607940673828,
     6.79945707321167,
     4.328303813934326,
     1.123018741607666,
     -2.753823757171631,
     -4.8145432472229,
     -7.1526875495910645,
     -8.184141159057617,
     -7.907784938812256,
     -7.008912086486816,
     -8.421164512634277,
     -10.343802452087402,
     -9.215775489807129,
     -6.920363426208496,
     -4.605972766876221,
     -2.3527348041534424,
     -0.16583850979804993,
     2.041154146194458,
     4.1573920249938965,
     8.751763343811035,
     12.996903419494629,
     16.446369171142578,
     19.58946418762207,
     21.404584884643555,
     25.262435913085938,
     26.204153060913086,
     26.147523880004883,
     24.710147857666016,
     21.122005462646484,
     16.89297866821289,
     12.550552368164062,
     8.614106178283691,
     5.129886627197266,
     1.2918307781219482,
     -0.911457359790802,
     -3.1927506923675537,
     -4.889761447906494,
     -7.342668056488037,
     -9.3245267868042,
     -11.927055358886719,
     -13.990721702575684,
     -15.85561752319336,
     -17.421369552612305,
     -18.96347999572754,
     -20.869033813476562,
     -21.783098220825195,
     -22.118432998657227,
     -22.37822914123535,
     -22.28916358947754,
     -21.683494567871094,
     -20.83962059020996,
     -19.733856201171875,
     -18.799781799316406,
     -17.489906311035156,
     -15.561161041259766,
     -13.941559791564941,
     -11.831618309020996,
     -9.602931022644043,
     -6.357803821563721,
     -3.796358585357666,
     -1.2053545713424683
    ],
    "X_o": [
     -1.7667433023452759,
     2.7608964443206787,
     7.278649806976318,
     12.03497314453125,
     16.539243698120117,
     21.033550262451172,
     25.82454490661621,
     29.008146286010742,
     32.85398864746094,
     36.05413055419922,
     39.64032745361328,
     41.84113693237305,
     43.79493713378906,
     45.312129974365234,
     46.155391693115234,
     46.42206573486328,
     46.53215026855469,
     46.37611389160156,
     45.840171813964844,
     45.09238052368164,
     43.66311264038086,
     41.371543884277344,
     37.8901481628418,
     34.6198616027832,
     31.2377872467041,
     27.435110092163086,
     24.48672103881836,
     21.939889907836914,
     17.776226043701172,
     14.972742080688477,
     13.464027404785156,
     11.351754188537598,
     9.284819602966309,
     7.483360290527344,
     4.7759575843811035,
     1.2875914573669434,
     -1.633889079093933,
     -3.179487466812134,
     -3.273709774017334,
     -3.0779802799224854,
     -2.7758777141571045,
     -3.418095827102661,
     -5.170421123504639,
     -6.550363063812256,
     -5.864469528198242,
     -4.377575874328613,
     -2.172990322113037,
     0.14787301421165466,
     4.088644981384277,
     8.054802894592285,
     11.959933280944824,
     14.95924186706543,
     17.607585906982422,
     19.57051658630371,
     22.60651397705078,
     25.34033966064453,
     27.526002883911133,
     29.16377067565918,
     30.100679397583008,
     30.184701919555664,
     29.283241271972656,
     26.989700317382812,
     23.76495361328125,
     19.983386993408203,
     15.700919151306152,
     11.52437686920166,
     7.554224491119385,
     3.993138313293457,
     -0.06681021302938461,
     -3.442270517349243,
     -5.490409851074219,
     -7.245910167694092,
     -9.361226081848145,
     -11.545180320739746,
     -14.415183067321777,
     -16.5186710357666,
     -18.57950210571289,
     -21.812421798706055,
     -24.726701736450195,
     -25.750303268432617,
     -26.047666549682617,
     -25.931560516357422,
     -25.726341247558594,
     -25.001352310180664,
     -24.292245864868164,
     -23.305007934570312,
     -22.131742477416992,
     -20.788522720336914,
     -18.463239669799805,
     -15.602277755737305,
     -13.574502944946289,
     -11.514601707458496,
     -7.043397903442383,
     -4.10932731628418,
     -1.7667433023452759
    ],
    "Y_i": [
     -2.4342195987701416,
     -1.932328701019287,
     -1.813536524772644,
     -1.6839693784713745,
     -1.6339786052703857,
     -1.5776764154434204,
     -1.684433937072754,
     -1.7288788557052612,
     -1.8369622230529785,
     -2.02518367767334,
     -3.046914577484131,
     -5.731150150299072,
     -7.45758581161499,
     -9.845609664916992,
     -11.47083854675293,
     -13.486030578613281,
     -15.18188762664795,
     -16.87975311279297,
     -18.998863220214844,
     -20.470911026000977,
     -21.973819732666016,
     -23.481792449951172,
     -24.17145347595215,
     -24.4952335357666,
     -23.467641830444336,
     -21.452484130859375,
     -18.866912841796875,
     -17.364273071289062,
     -16.09937858581543,
     -13.866070747375488,
     -13.511563301086426,
     -13.71390151977539,
     -14.165826797485352,
     -15.676466941833496,
     -19.083581924438477,
     -23.216394424438477,
     -27.239025115966797,
     -31.04509925842285,
     -34.92124938964844,
     -39.310264587402344,
     -43.81499481201172,
     -47.6307487487793,
     -50.54775619506836,
     -51.88927459716797,
     -52.89080810546875,
     -53.27228546142578,
     -53.36496353149414,
     -53.05743408203125,
     -52.164520263671875,
     -52.551719665527344,
     -54.87992477416992,
     -57.288639068603516,
     -63.392913818359375,
     -65.97672271728516,
     -68.3555679321289,
     -69.91590118408203,
     -70.25959014892578,
     -69.46488952636719,
     -68.42035675048828,
     -67.52450561523438,
     -66.63642120361328,
     -65.51882934570312,
     -64.00048828125,
     -61.75905227661133,
     -59.921844482421875,
     -57.37907791137695,
     -55.3648567199707,
     -52.585880279541016,
     -50.405086517333984,
     -48.29188537597656,
     -46.340396881103516,
     -44.47200393676758,
     -41.12173080444336,
     -39.55352020263672,
     -36.980892181396484,
     -33.375526428222656,
     -29.805479049682617,
     -25.67263412475586,
     -21.799604415893555,
     -18.06720542907715,
     -14.369050979614258,
     -10.844764709472656,
     -8.869563102722168,
     -7.278768062591553,
     -5.82119607925415,
     -4.786125183105469,
     -3.6278462409973145,
     -2.9046835899353027,
     -2.4342195987701416
    ],