{"X_i":[-0.540000021458,2.48799991608,4.67899990082,6.97700023651,9.12399959564,9.92899990082,13.6180000305,17.1529998779,20.672000885,23.9090003967,26.1359996796,28.4850006104,30.9979991913,33.4580001831,36.4329986572,39.3709983826,42.0950012207,43.8289985657,44.061000824,42.3660011292,40.3650016785,37.9630012512,35.091999054,32.5550003052,31.8950004578,29.1480007172,26.7929992676,24.7269992828,22.8250007629,20.8500003815,17.9470005035,14.5600004196,11.5360002518,8.89700031281,5.6139998436,1.72800004482,-1.81500005722,-5.52099990845,-9.17300033569,-12.0869998932,-15.0380001068,-17.5669994354,-19.3540000916,-21.0060005188,-22.7240009308,-24.5990009308,-26.9249992371,-29.311000824,-31.783000946,-34.0820007324,-36.3359985352,-39.2430000305,-42.5760002136,-44.625,-45.9099998474,-45.936000824,-45.0180015564,-43.327999115,-41.0579986572,-38.0559997559,-35.5419998169,-32.5849990845,-30.0990009308,-27.093000412,-24.1639995575,-22.2089996338,-20.1049995422,-17.4720001221,-14.6750001907,-11.7889995575,-9.25199985504,-7.12799978256,-5.63399982452,-3.56699991226,-0.540000021458],"Y_i":[-2.65199995041,-1.80599999428,-1.60300004482,-1.37300002575,-1.38499999046,-1.57400000095,-1.21399998665,-1.06200003624,-1.22099995613,-2.11500000954,-3.76300001144,-5.78900003433,-7.1939997673,-7.6139998436,-7.75,-7.52899980545,-7.88399982452,-9.10900020599,-11.4799995422,-13.3009996414,-13.7299995422,-14.2019996643,-14.6180000305,-15.0080003738,-14.732000351,-15.1739997864,-15.5839996338,-16.4740009308,-17.8600006104,-19.7590007782,-20.7770004272,-21.3239994049,-21.7299995422,-22.1539993286,-22.468000412,-22.7849998474,-23.047000885,-23.2689990997,-23.4880008698,-23.6790008545,-22.7900009155,-21.2730007172,-19.4440002441,-17.5510005951,-15.8210000992,-14.1979999542,-12.501999855,-11.6929998398,-11.5489997864,-12.2559995651,-13.2209997177,-14.1700000763,-13.9759998322,-12.6990003586,-10.3050003052,-7.51599979401,-5.19299983978,-3.99399995804,-3.13800001144,-2.77900004387,-2.63100004196,-3.24799990654,-4.16200017929,-5.53499984741,-7.27400016785,-8.57400035858,-10.0129995346,-11.529999733,-12.5710000992,-12.5520000458,-11.5089998245,-9.54300022125,-7.48799991608,-5.01000022888,-2.65199995041],"X_o":[-50.1940002441,-49.8790016174,-48.7550010681,-47.0410003662,-45.0699996948,-42.5289993286,-39.5909996033,-36.0509986877,-32.7799987793,-29.3479995728,-26.9869995117,-24.4120006561,-21.9260005951,-19.7220001221,-16.5879993439,-13.9879999161,-11.5509996414,-9.34500026703,-7.46099996567,-5.46000003815,-3.23399996758,-0.532000005245,2.52800011635,4.77899980545,7.19899988174,8.77000045776,12.6000003815,16.2380008698,19.2479991913,22.4549999237,25.1560001373,27.4260005951,29.4349994659,31.9449996948,34.5089988708,37.3989982605,40.3209991455,43.3030014038,45.5550003052,47.2430000305,48.5320014954,49.0960006714,48.8979988098,47.7949981689,46.4630012512,44.8180007935,42.8089981079,40.4049987793,37.7420005798,34.2439994812,30.6550006866,28.0669994354,26.0049991608,23.9869995117,20.6539993286,17.5090007782,14.4239997864,10.3439998627,6.29099988937,1.7460000515,-2.79699993134,-6.82600021362,-11.0530004501,-14.1199998856,-16.6630001068,-18.7789993286,-20.3990001678,-21.7129993439,-23.1319999695,-24.9260005951,-27.1989994049,-30.2660007477,-32.736000061,-35.1360015869,-38.1879997253,-41.3409996033,-44.3079986572,-46.4230003357,-48.3009986877,-49.5219993591],"Y_o":[-8.58199977875,-5.79799985886,-3.35299992561,-1.51600003242,-0.0130000002682,0.818000018597,1.18099999428,1.08000004292,0.856999993324,-0.268000006676,-1.58099997044,-3.36100006104,-4.92199993134,-6.30800008774,-7.80499982834,-8.64500045776,-7.89099979401,-6.11800003052,-3.76799988747,-1.6779999733,-0.0450000017881,1.24800002575,2.00900006294,2,1.93900001049,2.13400006294,2.23699998856,2.32899999619,2.46000003815,2.34299993515,1.30400002003,-0.435000002384,-1.89600002766,-3.20300006866,-3.55500006676,-3.77300000191,-3.58699989319,-3.77699995041,-4.66800022125,-6.21400022507,-8.45600032806,-10.5240001678,-12.718000412,-14.5920000076,-15.9910001755,-16.9599990845,-17.5100002289,-17.8840007782,-18.1189994812,-18.3899993896,-18.7619991302,-19.2759990692,-20.466999054,-22.0030002594,-23.579000473,-24.4430007935,-24.767999649,-25.2430000305,-25.5650005341,-26.0189990997,-26.4449996948,-26.8239994049,-27.2240009308,-26.9869995117,-26.0720005035,-25.0030002594,-23.5310001373,-21.936000824,-20.3180007935,-18.5909996033,-16.4270000458,-15.5310001373,-15.843000412,-16.8859996796,-17.7479991913,-17.7150001526,-16.9549999237,-15.5129995346,-13.4919996262,-11.2259998322],"X":[-1.886999994519,2.508000016215,4.728999853135,7.088000059125,8.9470000267,9.34950017929,13.109000206,16.695500373850003,19.96000003815,24.532500267000003,26.78100013735,28.96000003815,31.47149944305,33.98349952695,36.91599845885,39.845998764049995,42.699001312250005,45.535999298099995,45.92799949645,42.58749961855,40.3850002289,37.8525009155,34.667999267599996,33.3994998932,31.2750005722,29.901500701899998,27.4299993515,25.365999221800003,24.41499996185,20.751999855050002,17.72800064085,14.492000102999999,10.94000005725,9.6205000877550013,5.9524998664850006,1.73700004816,-2.30599999428,-6.173500061035,-7.999500274655,-11.570000171650001,-15.850500106799998,-18.982999801600002,-20.53349971775,-22.06900024415,-23.825000762949998,-25.899000167849998,-27.061999321000002,-29.78850078585,-31.024500846850003,-33.409000396699994,-35.73600006105,-38.7154998779,-43.4419994354,-45.524000167850005,-47.71599960325,-47.9075012207,-46.886501312250005,-44.1989994049,-41.7934989929,-38.8234996796,-35.7964992523,-32.6824989319,-29.723500251799997,-25.75250053405,-23.0450000763,-20.965499877950002,-19.913499832150002,-17.029999733,-14.3315000534,-12.8884997368,-10.401499748220001,-8.236500024795,-7.489500045775,-4.513499975205,-1.886999994519],"Y":[-1.34849997609905,0.1015000343300001,0.19849997759000004,0.28299999237000006,0.37450003624000006,0.28000003099500015,0.511500000955,0.633499979975,0.61950004101,-0.40549999475500009,-2.099000006912,-3.8425000309949997,-5.19849991798,-5.58449995518,-5.7615000009549995,-5.55799984932,-5.830499887465,-7.66150021553,-13.035999774899999,-15.40549993515,-15.807000160200001,-16.16049957275,-16.50399971005,-16.6989998817,-16.7469997406,-16.9679994583,-17.4299993515,-18.4704999924,-19.1634998322,-21.6690006256,-22.61000061035,-23.04599952695,-23.486499786350002,-23.69849967955,-24.01650047305,-24.40199947355,-24.7460002899,-25.046499252300002,-25.15600013735,-25.45150089265,-24.431000709499997,-22.40200042725,-20.69000053405,-18.9345006943,-17.20599985125,-15.3125,-14.4644999504,-13.61199998855,-13.53999996185,-14.04949998855,-15.05349969865,-15.9589996338,-15.46549987795,-14.1059999466,-10.7655000687,-6.6569998264349994,-4.272999882695,-2.0034999791540997,-1.1599999964215,-0.799000024795,-0.77549999952,-1.195499956608,-2.215000092983,-4.447999954225,-6.098000049595,-7.44100022316,-8.16049981117,-9.66749978067,-10.60800027848,-10.598500251779999,-9.699999809255,-7.8305001258850009,-6.8029999733,-3.34400010109,-1.34849997609905]}