{"X_i":[2.90659856796,6.93542385101,10.5788793564,14.2999448776,17.8047637939,20.9232177734,24.1317501068,28.068151474,32.2912788391,35.0990066528,35.7737426758,36.224281311,37.9096946716,41.3406791687,44.5591506958,48.5840263367,52.3199424744,57.0524406433,60.3937149048,62.2635536194,65.4728012085,68.0783233643,66.6733169556,64.2880706787,61.7876815796,57.6408729553,52.9737854004,48.6139640808,44.7110443115,41.4322967529,36.5077514648,32.0413475037,28.7814006805,25.8421459198,21.3953151703,16.7766971588,12.1841411591,8.11110687256,4.11627101898,-0.496038258076,-2.67893505096,-1.95763456821,2.90659856796],"Y_i":[-1.59539604187,-1.87040793896,-2.04429888725,-1.4896812439,-0.0349008776248,3.14190459251,5.6552772522,7.29581642151,7.40838336945,9.20966053009,11.7703428268,13.8519067764,15.599653244,16.0946617126,15.3165016174,15.0294189453,15.7624044418,17.4541530609,19.9192619324,23.3804702759,25.489151001,24.4488449097,19.8882293701,16.121629715,12.5032634735,10.1374931335,9.87902736664,9.80177021027,9.42826461792,7.96463489532,7.12144422531,5.79926967621,1.8342615366,-1.29078412056,-4.5991435051,-7.83777999878,-10.3024635315,-12.2213640213,-12.7065258026,-11.157207489,-7.33066940308,-3.05184483528,-1.59539604187],"X_o":[-6.46425533295,-4.76231861115,-1.14174294472,3.16416501999,6.66520643234,7.15105247498,11.5421304703,15.6056194305,18.6863002777,21.5557575226,25.4816989899,29.5118083954,31.3762245178,34.24766922,37.5619049072,40.5535926819,47.1841926575,51.4372062683,54.4731292725,57.7830734253,61.1388893127,64.6906661987,68.5981292725,71.927406311,72.4230728149,70.3138427734,67.6724777222,65.4148330688,63.0458679199,58.546207428,54.0923347473,49.7193183899,46.0105133057,42.1953277588,38.7082443237,35.282787323,31.770488739,28.9616279602,25.7906589508,22.4257049561,17.8923625946,13.393204689,8.81002807617,3.22123098373,-1.16415345669,-4.57258939743,-6.44857358932],"Y_o":[-4.28881835938,-0.929560542107,0.981109678745,1.8828612566,1.51348412037,1.46177220345,1.6994330883,2.90585255623,5.88584423065,9.25147342682,10.9253931046,11.5768108368,15.2819404602,18.098367691,19.4125785828,20.1001815796,19.3492393494,18.9733257294,20.6224937439,23.909280777,26.9981975555,28.7485103607,29.1311893463,27.3741207123,23.7751407623,19.9581317902,16.0202598572,11.9626913071,8.64465522766,7.09893608093,6.99156188965,6.56945419312,6.39041376114,4.45663261414,3.411911726,3.27148103714,0.752994716167,-2.55838656425,-5.56458282471,-8.0656709671,-10.6450557709,-13.4490146637,-15.9564123154,-16.4096088409,-15.4882297516,-12.5520324707,-8.08112716675],"X":[3.035381793975,7.043238162995,11.06050491335,12.92103767395,16.7051916122,19.80475902555,22.8437538147,26.77492523195,30.90154361725,33.5749835968,35.2359752655,37.735799789400005,40.9471359253,45.871671676649996,47.8841094971,51.87857437135,55.7627849579,59.088394165050005,61.70122146605,65.081733703600008,70.250698089600007,68.493579864499992,65.98027420045,63.601257324199992,58.09354019165,53.533060073849995,49.16664123535,45.3607788086,41.813812255849996,35.8952693939,33.66206741335,30.27594470975,27.40188694,21.9105100632,17.334529876700003,12.78867292405,8.460567474365,3.668751001355,-2.534313827753,-4.5637543201399993,-3.3599765896800005,3.035381793975],"Y":[0.14373260736500004,-0.20431786775499994,-0.17243289947500007,0.10487592219999997,1.4354758393026001,4.51387441158,7.45337533951,9.1106047630549991,9.492597103125,13.5261416435,15.9751372337,17.5061159134,18.097421646100003,17.3328704834,17.18932914735,17.3678650856,19.038323402400003,21.9142713547,25.189333915699997,27.11883068085,24.111992836,19.92318058015,16.0709447861,12.2329773903,8.618214607215,8.435294628145,8.185612201695001,7.90933918953,6.21063375473,5.196462631225,4.535375356675,1.2936281263834999,-1.924585342405,-6.3324072361,-9.24141788484,-11.8757390976,-14.08888816835,-14.558067321749999,-11.85461997985,-7.705898284915,-1.9907026886935,0.14373260736500004]}